Workbook

Sheet Detail
A1: Gulfside Hospitality Group | Purchase Detail | Jan 2025 to Jun 2026
A2: AP invoice export, run 07/03/2026. Amounts in USD.
A3: Invoice # | B3: Invoice Date | C3: Vendor | D3: Location | E3: Item # | F3: Description | G3: Category | H3: Pack | I3: UOM | J3: Qty | K3: Unit Price | L3: Ext Price
A4: GB01-0002 | B4: 45658 | C4: Gulf Breeze Produce | D4: Palm Key | E4: GB-522 | F4: BANANA GREEN TIP | G4: Produce | H4: 1/40 LB | I4: CS | J4: 1 | K4: 25.28 | L4: 25.28
A5: GB01-0002 | B5: 45658 | C5: Gulf Breeze Produce | D5: Palm Key | E5: GB-463 | F5: ORANGE NAVEL 88 CT | G5: Produce | H5: 1/88 CT | I5: CS | J5: 1 | K5: 45.78 | L5: 45.78
A6: GB01-0002 | B6: 45658 | C6: Gulf Breeze Produce | D6: Palm Key | E6: GB-251 | F6: ONION YELLOW JUMBO | G6: Produce | H6: 1/50 LB | I6: CS | J6: 2 | K6: 24.68 | L6: 49.36
A7: GB01-0002 | B7: 45658 | C7: Gulf Breeze Produce | D7: Palm Key | E7: GB-573 | F7: BASIL FRESH | G7: Produce | H7: 1/1 LB | I7: EA | J7: 10 | K7: 14.72 | L7: 147.2
A8: GB01-0002 | B8: 45658 | C8: Gulf Breeze Produce | D8: Palm Key | E8: GB-487 | F8: STRAWBERRY | G8: Produce | H8: 8/1 LB | I8: CS | J8: 6 | K8: 27.98 | L8: 167.88
A9: GB01-0002 | B9: 45658 | C9: Gulf Breeze Produce | D9: Palm Key | E9: GB-566 | F9: CILANTRO | G9: Produce | H9: 1/30 BU | I9: CS | J9: 1 | K9: 21.81 | L9: 21.81
A10: GB01-0002 | B10: 45658 | C10: Gulf Breeze Produce | D10: Palm Key | E10: GB-172 | F10: SPINACH BABY | G10: Produce | H10: 1/4 LB | I10: CS | J10: 1 | K10: 14.62 | L10: 14.62
A11: GB01-0002 | B11: 45658 | C11: Gulf Breeze Produce | D11: Palm Key | E11: FEE-FUEL | F11: FUEL SURCHARGE | G11: Fees | I11: EA | J11: 1 | K11: 6 | L11: 6
A12: GB01-0003 | B12: 45658 | C12: Gulf Breeze Produce | D12: Harborlight | E12: GB-522 | F12: BANANA GREEN TIP | G12: Produce | H12: 1/40 LB | I12: CS | J12: 8 | K12: 24.67 | L12: 197.36
A13: GB01-0003 | B13: 45658 | C13: Gulf Breeze Produce | D13: Harborlight | E13: GB-338 | F13: CELERY 30 CT | G13: Produce | H13: 1/30 CT | I13: CS | J13: 2 | K13: 33.43 | L13: 66.86
A14: GB01-0003 | B14: 45658 | C14: Gulf Breeze Produce | D14: Harborlight | E14: GB-186 | F14: ARUGULA BABY | G14: Produce | H14: 1/3 LB | I14: CS | J14: 2 | K14: 16.89 | L14: 33.78
A15: GB01-0003 | B15: 45658 | C15: Gulf Breeze Produce | D15: Harborlight | E15: GB-430 | F15: MUSHROOM WHITE LARGE | G15: Produce | H15: 1/10 LB | I15: CS | J15: 8 | K15: 21.22 | L15: 169.76
A16: GB01-0003 | B16: 45658 | C16: Gulf Breeze Produce | D16: Harborlight | E16: GB-573 | F16: BASIL FRESH | G16: Produce | H16: 1/1 LB | I16: EA | J16: 2 | K16: 14.72 | L16: 29.44
A17: GB01-0003 | B17: 45658 | C17: Gulf Breeze Produce | D17: Harborlight | E17: GB-216 | F17: TOMATO GRAPE | G17: Produce | H17: 12/1 PT | I17: CS | J17: 6 | K17: 23.03 | L17: 138.18
A18: GB01-0003 | B18: 45658 | C18: Gulf Breeze Produce | D18: Harborlight | E18: GB-444 | F18: LEMON 115 CT | G18: Produce | H18: 1/115 CT | I18: CS | J18: 2 | K18: 37.09 | L18: 74.18
A19: GB01-0003 | B19: 45658 | C19: Gulf Breeze Produce | D19: Harborlight | E19: GB-172 | F19: SPINACH BABY | G19: Produce | H19: 1/4 LB | I19: CS | J19: 1 | K19: 14.82 | L19: 14.82
A20: GB01-0003 | B20: 45658 | C20: Gulf Breeze Produce | D20: Harborlight | E20: GB-251 | F20: ONION YELLOW JUMBO | G20: Produce | H20: 1/50 LB | I20: CS | J20: 1 | K20: 24.7 | L20: 24.7
A21: GB01-0003 | B21: 45658 | C21: Gulf Breeze Produce | D21: Harborlight | E21: GB-115 | F21: LETTUCE ROMAINE HEARTS | G21: Produce | H21: 3/6 CT | I21: CS | J21: 8 | K21: 24.63 | L21: 197.04
A22: GB01-0003 | B22: 45658 | C22: Gulf Breeze Produce | D22: Harborlight | E22: GB-463 | F22: ORANGE NAVEL 88 CT | G22: Produce | H22: 1/88 CT | I22: CS | J22: 3 | K22: 45 | L22: 135
A23: GB01-0003 | B23: 45658 | C23: Gulf Breeze Produce | D23: Harborlight | E23: GB-168 | F23: SPRING MIX | G23: Produce | H23: 1/3 LB | I23: CS | J23: 3 | K23: 14.18 | L23: 42.54
... A25: GB01-0003 | B25: 45658 | C25: Gulf Breeze Produce | D25: Harborlight | E25: GB-559 | F25: CANTALOUPE 12 CT | G25: Produce | H25: 1/12 CT | I25: CS | J25: 3 | K25: 31.58 | L25: 94.74
A26: GB01-0003 | B26: 45658 | C26: Gulf Breeze Produce | D26: Harborlight | E26: FEE-FUEL | F26: FUEL SURCHARGE | G26: Fees | I26: EA | J26: 1 | K26: 6 | L26: 6
A27: GB01-0004 | B27: 45658 | C27: Gulf Breeze Produce | D27: Palm Key | E27: GB-135 | F27: LETTUCE ICEBERG | G27: Produce | H27: 1/24 CT | I27: CS | J27: 4 | K27: 28.82 | L27: 115.28
A28: GB01-0004 | B28: 45658 | C28: Gulf Breeze Produce | D28: Palm Key | E28: GB-306 | F28: POTATO RED B | G28: Produce | H28: 1/50 LB | I28: CS | J28: 5 | K28: 34.39 | L28: 171.95
A29: GB01-0004 | B29: 45658 | C29: Gulf Breeze Produce | D29: Palm Key | E29: GB-338 | F29: CELERY 30 CT | G29: Produce | H29: 1/30 CT | I29: CS | J29: 1 | K29: 33.35 | L29: 33.35
A30: GB01-0004 | B30: 45658 | C30: Gulf Breeze Produce | D30: Palm Key | E30: GB-251 | F30: ONION YELLOW JUMBO | G30: Produce | H30: 1/50 LB | I30: CS | J30: 8 | K30: 24.55 | L30: 196.4
A31: GB01-0004 | B31: 45658 | C31: Gulf Breeze Produce | D31: Palm Key | E31: GB-406 | F31: ZUCCHINI MEDIUM | G31: Produce | H31: 1/20 LB | I31: CS | J31: 4 | K31: 23.26 | L31: 93.04
A32: GB01-0004 | B32: 45658 | C32: Gulf Breeze Produce | D32: Palm Key | E32: GB-573 | F32: BASIL FRESH | G32: Produce | H32: 1/1 LB | I32: EA | J32: 11 | K32: 14.46 | L32: 159.06
A33: GB01-0004 | B33: 45658 | C33: Gulf Breeze Produce | D33: Palm Key | E33: GB-115 | F33: LETTUCE ROMAINE HEARTS | G33: Produce | H33: 3/6 CT | I33: CS | J33: 3 | K33: 24.6 | L33: 73.8
A34: GB01-0004 | B34: 45658 | C34: Gulf Breeze Produce | D34: Palm Key | E34: GB-430 | F34: MUSHROOM WHITE LARGE | G34: Produce | H34: 1/10 LB | I34: CS | J34: 1 | K34: 21.55 | L34: 21.55
A35: GB01-0004 | B35: 45658 | C35: Gulf Breeze Produce | D35: Palm Key | E35: GB-522 | F35: BANANA GREEN TIP | G35: Produce | H35: 1/40 LB | I35: CS | J35: 3 | K35: 25.12 | L35: 75.36
A36: GB01-0004 | B36: 45658 | C36: Gulf Breeze Produce | D36: Palm Key | E36: GB-444 | F36: LEMON 115 CT | G36: Produce | H36: 1/115 CT | I36: CS | J36: 2 | K36: 37.62 | L36: 75.24
A37: GB01-0004 | B37: 45658 | C37: Gulf Breeze Produce | D37: Palm Key | E37: FEE-FUEL | F37: FUEL SURCHARGE | G37: Fees | I37: EA | J37: 1 | K37: 6 | L37: 6
A38: GB01-0006 | B38: 45658 | C38: Gulf Breeze Produce | D38: Palm Key | E38: GB-493 | F38: BLUEBERRY | G38: Produce | H38: 12/6 OZ | I38: CS | J38: 2 | K38: 37.17 | L38: 74.34
A39: GB01-0006 | B39: 45658 | C39: Gulf Breeze Produce | D39: Palm Key | E39: GB-522 | F39: BANANA GREEN TIP | G39: Produce | H39: 1/40 LB | I39: CS | J39: 1 | K39: 24.61 | L39: 24.61
A40: GB01-0006 | B40: 45658 | C40: Gulf Breeze Produce | D40: Palm Key | E40: GB-256 | F40: ONION RED JUMBO | G40: Produce | H40: 1/25 LB | I40: CS | J40: 1 | K40: 21.26 | L40: 21.26
A41: GB01-0006 | B41: 45658 | C41: Gulf Breeze Produce | D41: Palm Key | E41: GB-573 | F41: BASIL FRESH | G41: Produce | H41: 1/1 LB | I41: EA | J41: 4 | K41: 14.36 | L41: 57.44
A42: GB01-0006 | B42: 45658 | C42: Gulf Breeze Produce | D42: Palm Key | E42: GB-135 | F42: LETTUCE ICEBERG | G42: Produce | H42: 1/24 CT | I42: CS | J42: 2 | K42: 29.29 | L42: 58.58
A43: GB01-0006 | B43: 45658 | C43: Gulf Breeze Produce | D43: Palm Key | E43: GB-599 | F43: GINGER ROOT | G43: Produce | H43: 1/30 LB | I43: CS | J43: 2 | K43: 42.65 | L43: 85.3
A44: GB01-0006 | B44: 45658 | C44: Gulf Breeze Produce | D44: Palm Key | E44: GB-406 | F44: ZUCCHINI MEDIUM | G44: Produce | H44: 1/20 LB | I44: CS | J44: 4 | K44: 23.14 | L44: 92.56
A45: GB01-0006 | B45: 45658 | C45: Gulf Breeze Produce | D45: Palm Key | E45: GB-444 | F45: LEMON 115 CT | G45: Produce | H45: 1/115 CT | I45: CS | J45: 5 | K45: 38.3 | L45: 191.5
A46: GB01-0006 | B46: 45658 | C46: Gulf Breeze Produce | D46: Palm Key | E46: GB-566 | F46: CILANTRO | G46: Produce | H46: 1/30 BU | I46: CS | J46: 2 | K46: 21.81 | L46: 43.62
A47: GB01-0006 | B47: 45658 | C47: Gulf Breeze Produce | D47: Palm Key | E47: GB-463 | F47: ORANGE NAVEL 88 CT | G47: Produce | H47: 1/88 CT | I47: CS | J47: 2 | K47: 45.37 | L47: 90.74
A48: GB01-0006 | B48: 45658 | C48: Gulf Breeze Produce | D48: Palm Key | E48: GB-115 | F48: LETTUCE ROMAINE HEARTS | G48: Produce | H48: 3/6 CT | I48: CS | J48: 3 | K48: 24.85 | L48: 74.55
A49: GB01-0006 | B49: 45658 | C49: Gulf Breeze Produce | D49: Palm Key | E49: FEE-FUEL | F49: FUEL SURCHARGE | G49: Fees | I49: EA | J49: 1 | K49: 6 | L49: 6
A50: 4410008 | B50: 45659 | C50: Coastline Provisions | D50: Sandpiper | E50: CP10351 | F50: OIL FRYER CANOLA CLEAR | G50: Dry Goods | H50: 1/35 LB | I50: CS | J50: 2 | K50: 27.32 | L50: 54.64
A51: 4410008 | B51: 45659 | C51: Coastline Provisions | D51: Sandpiper | E51: CP10656 | F51: SAUCE HOT PEPPER | G51: Dry Goods | H51: 4/1 GAL | I51: CS | J51: 1 | K51: 29.88 | L51: 29.88
A52: 4410008 | B52: 45659 | C52: Coastline Provisions | D52: Sandpiper | E52: CP10483 | F52: MUSTARD DIJON | G52: Dry Goods | H52: 4/1 GAL | I52: CS | J52: 2 | K52: 48.85 | L52: 97.7
A53: 4410008 | B53: 45659 | C53: Coastline Provisions | D53: Sandpiper | E53: CP10296 | F53: BEANS BLACK | G53: Dry Goods | H53: 6/#10 | I53: CS | J53: 5 | K53: 35.8 | L53: 179
A54: 4410008 | B54: 45659 | C54: Coastline Provisions | D54: Sandpiper | E54: CP10331 | F54: OIL OLIVE EXTRA VIRGIN | G54: Dry Goods | H54: 6/1 LT | I54: CS | J54: 4 | K54: 55.76 | L54: 223.04
A55: 4410008 | B55: 45659 | C55: Coastline Provisions | D55: Sandpiper | E55: CP10511 | F55: HONEY CLOVER | G55: Dry Goods | H55: 6/5 LB | I55: CS | J55: 12 | K55: 84.49 | L55: 1013.88
A56: 4410008 | B56: 45659 | C56: Coastline Provisions | D56: Sandpiper | E56: CP10267 | F56: TOMATO SAUCE FANCY | G56: Dry Goods | H56: 6/#10 | I56: CS | J56: 2 | K56: 32.65 | L56: 65.3
A57: 4410008 | B57: 45659 | C57: Coastline Provisions | D57: Sandpiper | E57: CP10493 | F57: SAUCE SOY | G57: Dry Goods | H57: 4/1 GAL | I57: CS | J57: 1 | K57: 26.55 | L57: 26.55
A58: 4410008 | B58: 45659 | C58: Coastline Provisions | D58: Sandpiper | E58: CP10843 | F58: WAFFLE BELGIAN 7 IN | G58: Frozen | H58: 1/60 CT | I58: CS | J58: 1 | K58: 37.51 | L58: 37.51
A59: 4410008 | B59: 45659 | C59: Coastline Provisions | D59: Sandpiper | E59: CP10622 | F59: BREADING PANKO | G59: Dry Goods | H59: 1/25 LB | I59: CS | J59: 10 | K59: 42.03 | L59: 420.3
A60: 4410008 | B60: 45659 | C60: Coastline Provisions | D60: Sandpiper | E60: CP10547 | F60: SYRUP MAPLE PURE | G60: Dry Goods | H60: 4/.5 GAL | I60: CS | J60: 4 | K60: 90.78 | L60: 363.12
A61: 4410008 | B61: 45659 | C61: Coastline Provisions | D61: Sandpiper | E61: CP10601 | F61: GRANOLA HONEY ALMOND | G61: Dry Goods | H61: 4/50 OZ | I61: CS | J61: 3 | K61: 39.24 | L61: 117.72
... A65: 4410008 | B65: 45659 | C65: Coastline Provisions | D65: Sandpiper | E65: CP10615 | F65: CHOCOLATE CHIPS SEMI SWEET | G65: Dry Goods | H65: 1/25 LB | I65: CS | J65: 1 | K65: 64.27 | L65: 64.27
A66: BF-25005 | B66: 45659 | C66: Bayfront Meats | D66: Sandpiper | E66: BF1295 | F66: CHICKEN BREAST BNLS SKLS 6 OZ | G66: Poultry | H66: 4/10 LB | I66: LB | J66: 119.86 | K66: 3.04 | L66: 364.37
A67: BF-25005 | B67: 45659 | C67: Bayfront Meats | D67: Sandpiper | E67: BF1526 | F67: PORK BELLY SKIN OFF | G67: Pork | H67: 1/12 LB AVG | I67: CS | J67: 2 | K67: 56.38 | L67: 112.76
A68: BF-25005 | B68: 45659 | C68: Bayfront Meats | D68: Sandpiper | E68: BF1274 | F68: BEEF FLANK STEAK CH | G68: Beef | H68: 6/2 LB AVG | I68: LB | J68: 25.14 | K68: 8.79 | L68: 220.98
A69: BF-25005 | B69: 45659 | C69: Bayfront Meats | D69: Sandpiper | E69: BF1456 | F69: PORK SAUSAGE LINK 1 OZ | G69: Pork | H69: 1/10 LB | I69: CS | J69: 2 | K69: 35.61 | L69: 71.22
A70: BF-25005 | B70: 45659 | C70: Bayfront Meats | D70: Sandpiper | E70: BF1198 | F70: BEEF GROUND 80/20 CHUB | G70: Beef | H70: 4/10 LB | I70: LB | J70: 41.36 | K70: 4.11 | L70: 169.99
A71: BF-25005 | B71: 45659 | C71: Bayfront Meats | D71: Sandpiper | E71: BF1357 | F71: CHICKEN TENDERLOIN RAW | G71: Poultry | H71: 4/10 LB | I71: LB | J71: 76.01 | K71: 3.11 | L71: 236.39
A72: BF-25005 | B72: 45659 | C72: Bayfront Meats | D72: Sandpiper | E72: FEE-FUEL | F72: FUEL SURCHARGE | G72: Fees | I72: EA | J72: 1 | K72: 9.5 | L72: 9.5
A73: TSC30504 | B73: 45659 | C73: Tidewater Seafood | D73: Palm Key | E73: TW3234 | F73: SNAPPER RED FILLET | G73: Seafood | H73: 1/10 LB | I73: CS | J73: 8 | K73: 192.09 | L73: 1536.72
A74: TSC30504 | B74: 45659 | C74: Tidewater Seafood | D74: Palm Key | E74: TW3359 | F74: CLAM LITTLENECK | G74: Seafood | H74: 1/100 CT | I74: CS | J74: 1 | K74: 53.23 | L74: 53.23
A75: TSC30504 | B75: 45659 | C75: Tidewater Seafood | D75: Palm Key | E75: TW3456 | F75: OYSTER SHUCKED SELECT | G75: Seafood | H75: 1/1 GAL | I75: EA | J75: 3 | K75: 65.24 | L75: 195.72
A76: TSC30504 | B76: 45659 | C76: Tidewater Seafood | D76: Palm Key | E76: TW3329 | F76: CRAB MEAT LUMP PASTEURIZED | G76: Seafood | H76: 12/1 LB | I76: CS | J76: 2 | K76: 270.79 | L76: 541.58
A77: TSC30504 | B77: 45659 | C77: Tidewater Seafood | D77: Palm Key | E77: FEE-FUEL | F77: FUEL SURCHARGE | G77: Fees | I77: EA | J77: 1 | K77: 8 | L77: 8
A78: BF-25003 | B78: 45662 | C78: Bayfront Meats | D78: Harborlight | E78: BF1109 | F78: BEEF RIBEYE LIP ON 12 UP CH | G78: Beef | H78: 2/15 LB AVG | I78: LB | J78: 63.43 | K78: 11.22 | L78: 711.68
A79: BF-25003 | B79: 45662 | C79: Bayfront Meats | D79: Harborlight | E79: BF1295 | F79: CHICKEN BREAST BNLS SKLS 6 OZ | G79: Poultry | H79: 4/10 LB | I79: LB | J79: 41.12 | K79: 3.04 | L79: 125
A80: BF-25003 | B80: 45662 | C80: Bayfront Meats | D80: Harborlight | E80: BF1395 | F80: DUCK BREAST BNLS | G80: Poultry | H80: 2/5 LB AVG | I80: LB | J80: 9.75 | K80: 9.17 | L80: 89.41
A81: BF-25003 | B81: 45662 | C81: Bayfront Meats | D81: Harborlight | E81: BF1289 | F81: BEEF PATTY 6 OZ 80/20 | G81: Beef | H81: 4/10 LB | I81: LB | J81: 37.09 | K81: 4.57 | L81: 169.5
A82: BF-25003 | B82: 45662 | C82: Bayfront Meats | D82: Harborlight | E82: BF1534 | F82: HAM SPIRAL SLICED | G82: Pork | H82: 2/9 LB AVG | I82: CS | J82: 4 | K82: 62.66 | L82: 250.64
A83: BF-25003 | B83: 45662 | C83: Bayfront Meats | D83: Harborlight | E83: BF1140 | F83: BEEF STRIP LOIN 0X1 CH | G83: Beef | H83: 2/14 LB AVG | I83: LB | J83: 78.46 | K83: 8.83 | L83: 692.8
A84: BF-25003 | B84: 45662 | C84: Bayfront Meats | D84: Harborlight | E84: BF1357 | F84: CHICKEN TENDERLOIN RAW | G84: Poultry | H84: 4/10 LB | I84: LB | J84: 85.95 | K84: 3.11 | L84: 267.3
A85: BF-25003 | B85: 45662 | C85: Bayfront Meats | D85: Harborlight | E85: BF1198 | F85: BEEF GROUND 80/20 CHUB | G85: Beef | H85: 4/10 LB | I85: LB | J85: 39.41 | K85: 4.11 | L85: 161.98
A86: BF-25003 | B86: 45662 | C86: Bayfront Meats | D86: Harborlight | E86: FEE-FUEL | F86: FUEL SURCHARGE | G86: Fees | I86: EA | J86: 1 | K86: 9.5 | L86: 9.5
A87: CM-5002 | B87: 45663 | C87: Sunrise Dairy Co | D87: Palm Key | E87: SD3114 | F87: MILK WHOLE | G87: Dairy | H87: 4/1 GAL | I87: CS | J87: -1 | K87: 17.45 | L87: -17.45
A88: TR-2501 | B88: 45664 | C88: Sunrise Dairy Co | D88: CMSY | E88: SD3409 | F88: COTTAGE CHEESE 4% | G88: Dairy | H88: 6/5 LB | I88: CS | J88: 2 | K88: 35.51 | L88: 71.02
A89: TR-2501 | B89: 45664 | C89: Gulf Breeze Produce | D89: CMSY | E89: GB-437 | F89: AVOCADO HASS 48 CT | G89: Produce | H89: 1/48 CT | I89: CS | J89: 2 | K89: 50.02 | L89: 100.04
A90: TR-2501 | B90: 45664 | C90: Bayfront Meats | D90: CMSY | E90: BF1295 | F90: CHICKEN BREAST BNLS SKLS 6 OZ | G90: Poultry | H90: 4/10 LB | I90: LB | J90: 32.19 | K90: 3.04 | L90: 97.86
A91: TR-2501 | B91: 45664 | C91: Gulf Breeze Produce | D91: CMSY | E91: GB-463 | F91: ORANGE NAVEL 88 CT | G91: Produce | H91: 1/88 CT | I91: CS | J91: 2 | K91: 46.18 | L91: 92.36
A92: TR-2501 | B92: 45664 | C92: Gulf Breeze Produce | D92: CMSY | E92: GB-430 | F92: MUSHROOM WHITE LARGE | G92: Produce | H92: 1/10 LB | I92: CS | J92: 1 | K92: 21.19 | L92: 21.19
A93: 4410004 | B93: 45665 | C93: Coastline Provisions | D93: Palm Key | E93: CP10175 | F93: RICE LONG GRAIN PARBOILED | G93: Dry Goods | H93: 1/25 LB | I93: CS | J93: 6 | K93: 19.33 | L93: 115.98
A94: 4410004 | B94: 45665 | C94: Coastline Provisions | D94: Palm Key | E94: CP10569 | F94: OATS ROLLED OLD FASHIONED | G94: Dry Goods | H94: 1/25 LB | I94: CS | J94: 8 | K94: 21.01 | L94: 168.08
A95: 4410004 | B95: 45665 | C95: Coastline Provisions | D95: Palm Key | E95: CP11182 | F95: NAPKIN DINNER 2 PLY WHITE | G95: Disposables | H95: 1/1000 CT | I95: CS | J95: 2 | K95: 39.99 | L95: 79.98
A96: 4410004 | B96: 45665 | C96: Coastline Provisions | D96: Palm Key | E96: CP10867 | F96: VEGETABLE BLEND CALIFORNIA | G96: Frozen | H96: 12/2 LB | I96: CS | J96: 1 | K96: 30.37 | L96: 30.37
A97: 4410004 | B97: 45665 | C97: Coastline Provisions | D97: Palm Key | E97: CP10267 | F97: TOMATO SAUCE FANCY | G97: Dry Goods | H97: 6/#10 | I97: CS | J97: 1 | K97: 32.65 | L97: 32.65
A98: 4410004 | B98: 45665 | C98: Coastline Provisions | D98: Palm Key | E98: CP10296 | F98: BEANS BLACK | G98: Dry Goods | H98: 6/#10 | I98: CS | J98: 1 | K98: 35.8 | L98: 35.8
A99: 4410004 | B99: 45665 | C99: Coastline Provisions | D99: Palm Key | E99: CP10351 | F99: OIL FRYER CANOLA CLEAR | G99: Dry Goods | H99: 1/35 LB | I99: CS | J99: 4 | K99: 27.32 | L99: 109.28
A100: 4410004 | B100: 45665 | C100: Coastline Provisions | D100: Palm Key | E100: CP10766 | F100: CROISSANT BUTTER UNBAKED 3 OZ | G100: Frozen | H100: 1/96 CT | I100: CS | J100: 2 | K100: 61.25 | L100: 122.5
A101: 4410004 | B101: 45665 | C101: Coastline Provisions | D101: Palm Key | E101: CP11011 | F101: CHICKEN WINGS JUMBO 1&2 JT | G101: Poultry | H101: 4/10 LB | I101: LB | J101: 129.34 | K101: 3.21 | L101: 415.18
A102: 4410004 | B102: 45665 | C102: Coastline Provisions | D102: Palm Key | E102: CP10843 | F102: WAFFLE BELGIAN 7 IN | G102: Frozen | H102: 1/60 CT | I102: CS | J102: 6 | K102: 37.51 | L102: 225.06
A103: 4410004 | B103: 45665 | C103: Coastline Provisions | D103: Palm Key | E103: CP10408 | F103: PEPPER BLACK GROUND | G103: Dry Goods | H103: 1/18 OZ | I103: EA | J103: 10 | K103: 11.41 | L103: 114.1
A104: 4410004 | B104: 45665 | C104: Coastline Provisions | D104: Palm Key | E104: CP11135 | F104: FILM PLASTIC WRAP 18 IN | G104: Disposables | H104: 1/2000 FT | I104: CS | J104: 3 | K104: 21.82 | L104: 65.46
...

Sheet Price File
A1: Item # | B1: Description | C1: Vendor | D1: Pack | E1: UOM | F1: Contract Price | G1: Category
A2: CP10108 | B2: FLOUR ALL PURPOSE BLEACHED | C2: Coastline Provisions | D2: 1/50 LB | E2: CS | F2: 24.8 | G2: Dry Goods
A3: CP10143 | B3: SUGAR GRANULATED CANE | C3: Coastline Provisions | D3: 1/50 LB | E3: CS | F3: 41.5 | G3: Dry Goods
A4: CP10175 | B4: RICE LONG GRAIN PARBOILED | C4: Coastline Provisions | D4: 1/25 LB | E4: CS | F4: 22.4 | G4: Dry Goods
A5: CP10204 | B5: PASTA PENNE RIGATE | C5: Coastline Provisions | D5: 2/10 LB | E5: CS | F5: 26.9 | G5: Dry Goods
A6: CP10208 | B6: PASTA SPAGHETTI 10 IN | C6: Coastline Provisions | D6: 2/10 LB | E6: CS | F6: 25.7 | G6: Dry Goods
A7: CP10231 | B7: TOMATO DICED IN JUICE | C7: Coastline Provisions | D7: 6/#10 | E7: CS | F7: 38.6 | G7: Dry Goods
A8: CP10267 | B8: TOMATO SAUCE FANCY | C8: Coastline Provisions | D8: 6/#10 | E8: CS | F8: 34.2 | G8: Dry Goods
A9: CP10296 | B9: BEANS BLACK | C9: Coastline Provisions | D9: 6/#10 | E9: CS | F9: 36.1 | G9: Dry Goods
A10: CP10331 | B10: OIL OLIVE EXTRA VIRGIN | C10: Coastline Provisions | D10: 6/1 LT | E10: CS | F10: 58 | G10: Dry Goods
A11: CP10376 | B11: VINEGAR WHITE DISTILLED | C11: Coastline Provisions | D11: 4/1 GAL | E11: CS | F11: 14.3 | G11: Dry Goods
A12: CP10395 | B12: SALT KOSHER COARSE | C12: Coastline Provisions | D12: 12/3 LB | E12: CS | F12: 27.6 | G12: Dry Goods
A13: CP10408 | B13: PEPPER BLACK GROUND | C13: Coastline Provisions | D13: 1/18 OZ | E13: EA | F13: 12.4 | G13: Dry Goods
... A170: MCR-93 | B170: COFFEE ESPRESSO BLEND | C170: Mangrove Coffee Roasters | D170: 1/5 LB | E170: EA | F170: 60 | G170: Beverage

Sheet Summary
A1: Spend Summary by Vendor and Location
A2: Built from the Detail tab with SUMIFS. Credits and fees included.
A4: Vendor | B4: Palm Key | C4: Harborlight | D4: Sandpiper | E4: CMSY | F4: Total | G4: Share of Total
A5: Coastline Provisions | B5: =SUMIFS(Detail!$L$4:$L$6003,Detail!$C$4:$C$6003,$A5,Detail!$D$4:$D$6003,B$4) -> 133185.55 | C5: =SUMIFS(Detail!$L$4:$L$6003,Detail!$C$4:$C$6003,$A5,Detail!$D$4:$D$6003,C$4) -> 80578.81 | D5: =SUMIFS(Detail!$L$4:$L$6003,Detail!$C$4:$C$6003,$A5,Detail!$D$4:$D$6003,D$4) -> 96441.81 | E5: =SUMIFS(Detail!$L$4:$L$6003,Detail!$C$4:$C$6003,$A5,Detail!$D$4:$D$6003,E$4) -> 0 | F5: =SUM(B5:E5) -> 310206.17 | G5: =F5/F$12 -> 0.37238509
A6: Bayfront Meats | B6: =SUMIFS(Detail!$L$4:$L$6003,Detail!$C$4:$C$6003,$A6,Detail!$D$4:$D$6003,B$4) -> 80012.62 | C6: =SUMIFS(Detail!$L$4:$L$6003,Detail!$C$4:$C$6003,$A6,Detail!$D$4:$D$6003,C$4) -> 60460.11 | D6: =SUMIFS(Detail!$L$4:$L$6003,Detail!$C$4:$C$6003,$A6,Detail!$D$4:$D$6003,D$4) -> 37575.88 | E6: =SUMIFS(Detail!$L$4:$L$6003,Detail!$C$4:$C$6003,$A6,Detail!$D$4:$D$6003,E$4) -> 14885.1 | F6: =SUM(B6:E6) -> 192933.71 | G6: =F6/F$12 -> 0.23160609
A7: Gulf Breeze Produce | B7: =SUMIFS(Detail!$L$4:$L$6003,Detail!$C$4:$C$6003,$A7,Detail!$D$4:$D$6003,B$4) -> 48172.86 | C7: =SUMIFS(Detail!$L$4:$L$6003,Detail!$C$4:$C$6003,$A7,Detail!$D$4:$D$6003,C$4) -> 44684.17 | D7: =SUMIFS(Detail!$L$4:$L$6003,Detail!$C$4:$C$6003,$A7,Detail!$D$4:$D$6003,D$4) -> 21881.51 | E7: =SUMIFS(Detail!$L$4:$L$6003,Detail!$C$4:$C$6003,$A7,Detail!$D$4:$D$6003,E$4) -> 5145.33 | F7: =SUM(B7:E7) -> 119883.87 | G7: =F7/F$12 -> 0.14391385
A8: Tidewater Seafood | B8: =SUMIFS(Detail!$L$4:$L$6003,Detail!$C$4:$C$6003,$A8,Detail!$D$4:$D$6003,B$4) -> 27008.26 | C8: =SUMIFS(Detail!$L$4:$L$6003,Detail!$C$4:$C$6003,$A8,Detail!$D$4:$D$6003,C$4) -> 24335.8 | D8: =SUMIFS(Detail!$L$4:$L$6003,Detail!$C$4:$C$6003,$A8,Detail!$D$4:$D$6003,D$4) -> 15956.49 | E8: =SUMIFS(Detail!$L$4:$L$6003,Detail!$C$4:$C$6003,$A8,Detail!$D$4:$D$6003,E$4) -> 0 | F8: =SUM(B8:E8) -> 67300.55 | G8: =F8/F$12 -> 0.080790531
A9: Sunrise Dairy Co | B9: =SUMIFS(Detail!$L$4:$L$6003,Detail!$C$4:$C$6003,$A9,Detail!$D$4:$D$6003,B$4) -> 24547.2 | C9: =SUMIFS(Detail!$L$4:$L$6003,Detail!$C$4:$C$6003,$A9,Detail!$D$4:$D$6003,C$4) -> 11220.74 | D9: =SUMIFS(Detail!$L$4:$L$6003,Detail!$C$4:$C$6003,$A9,Detail!$D$4:$D$6003,D$4) -> 10055.83 | E9: =SUMIFS(Detail!$L$4:$L$6003,Detail!$C$4:$C$6003,$A9,Detail!$D$4:$D$6003,E$4) -> 5768.29 | F9: =SUM(B9:E9) -> 51592.06 | G9: =F9/F$12 -> 0.061933371
A10: Keystone Paper & Chem | B10: =SUMIFS(Detail!$L$4:$L$6003,Detail!$C$4:$C$6003,$A10,Detail!$D$4:$D$6003,B$4) -> 25644.49 | C10: =SUMIFS(Detail!$L$4:$L$6003,Detail!$C$4:$C$6003,$A10,Detail!$D$4:$D$6003,C$4) -> 21842.7 | D10: =SUMIFS(Detail!$L$4:$L$6003,Detail!$C$4:$C$6003,$A10,Detail!$D$4:$D$6003,D$4) -> 9801.93 | E10: =SUMIFS(Detail!$L$4:$L$6003,Detail!$C$4:$C$6003,$A10,Detail!$D$4:$D$6003,E$4) -> 0 | F10: =SUM(B10:E10) -> 57289.12 | G10: =F10/F$12 -> 0.068772372
A11: Mangrove Coffee Roasters | B11: =SUMIFS(Detail!$L$4:$L$6003,Detail!$C$4:$C$6003,$A11,Detail!$D$4:$D$6003,B$4) -> 16114.93 | C11: =SUMIFS(Detail!$L$4:$L$6003,Detail!$C$4:$C$6003,$A11,Detail!$D$4:$D$6003,C$4) -> 8912.69 | D11: =SUMIFS(Detail!$L$4:$L$6003,Detail!$C$4:$C$6003,$A11,Detail!$D$4:$D$6003,D$4) -> 8792.12 | E11: =SUMIFS(Detail!$L$4:$L$6003,Detail!$C$4:$C$6003,$A11,Detail!$D$4:$D$6003,E$4) -> 0 | F11: =SUM(B11:E11) -> 33819.74 | G11: =F11/F$12 -> 0.040598699
A12: Total | B12: =SUM(B5:B11) -> 354685.91 | C12: =SUM(C5:C11) -> 252035.02 | D12: =SUM(D5:D11) -> 200505.57 | E12: =SUM(E5:E11) -> 25798.72 | F12: =SUM(F5:F11) -> 833025.22 | G12: =SUM(G5:G11) -> 1
A14: Category | B14: Palm Key | C14: Harborlight | D14: Sandpiper | E14: CMSY | F14: Total
A15: Beef | B15: =SUMIFS(Detail!$L$4:$L$6003,Detail!$G$4:$G$6003,$A15,Detail!$D$4:$D$6003,B$14) -> 52532.42 | C15: =SUMIFS(Detail!$L$4:$L$6003,Detail!$G$4:$G$6003,$A15,Detail!$D$4:$D$6003,C$14) -> 40102.95 | D15: =SUMIFS(Detail!$L$4:$L$6003,Detail!$G$4:$G$6003,$A15,Detail!$D$4:$D$6003,D$14) -> 23831.06 | E15: =SUMIFS(Detail!$L$4:$L$6003,Detail!$G$4:$G$6003,$A15,Detail!$D$4:$D$6003,E$14) -> 10982.89 | F15: =SUM(B15:E15) -> 127449.32
A16: Poultry | B16: =SUMIFS(Detail!$L$4:$L$6003,Detail!$G$4:$G$6003,$A16,Detail!$D$4:$D$6003,B$14) -> 28631.82 | C16: =SUMIFS(Detail!$L$4:$L$6003,Detail!$G$4:$G$6003,$A16,Detail!$D$4:$D$6003,C$14) -> 19041.36 | D16: =SUMIFS(Detail!$L$4:$L$6003,Detail!$G$4:$G$6003,$A16,Detail!$D$4:$D$6003,D$14) -> 17125.12 | E16: =SUMIFS(Detail!$L$4:$L$6003,Detail!$G$4:$G$6003,$A16,Detail!$D$4:$D$6003,E$14) -> 3902.21 | F16: =SUM(B16:E16) -> 68700.51
A17: Pork | B17: =SUMIFS(Detail!$L$4:$L$6003,Detail!$G$4:$G$6003,$A17,Detail!$D$4:$D$6003,B$14) -> 9684.41 | C17: =SUMIFS(Detail!$L$4:$L$6003,Detail!$G$4:$G$6003,$A17,Detail!$D$4:$D$6003,C$14) -> 6989.77 | D17: =SUMIFS(Detail!$L$4:$L$6003,Detail!$G$4:$G$6003,$A17,Detail!$D$4:$D$6003,D$14) -> 5345.93 | E17: =SUMIFS(Detail!$L$4:$L$6003,Detail!$G$4:$G$6003,$A17,Detail!$D$4:$D$6003,E$14) -> 0 | F17: =SUM(B17:E17) -> 22020.11
A18: Seafood | B18: =SUMIFS(Detail!$L$4:$L$6003,Detail!$G$4:$G$6003,$A18,Detail!$D$4:$D$6003,B$14) -> 26840.26 | C18: =SUMIFS(Detail!$L$4:$L$6003,Detail!$G$4:$G$6003,$A18,Detail!$D$4:$D$6003,C$14) -> 24191.8 | D18: =SUMIFS(Detail!$L$4:$L$6003,Detail!$G$4:$G$6003,$A18,Detail!$D$4:$D$6003,D$14) -> 15852.49 | E18: =SUMIFS(Detail!$L$4:$L$6003,Detail!$G$4:$G$6003,$A18,Detail!$D$4:$D$6003,E$14) -> 0 | F18: =SUM(B18:E18) -> 66884.55
A19: Produce | B19: =SUMIFS(Detail!$L$4:$L$6003,Detail!$G$4:$G$6003,$A19,Detail!$D$4:$D$6003,B$14) -> 47661.86 | C19: =SUMIFS(Detail!$L$4:$L$6003,Detail!$G$4:$G$6003,$A19,Detail!$D$4:$D$6003,C$14) -> 44203.17 | D19: =SUMIFS(Detail!$L$4:$L$6003,Detail!$G$4:$G$6003,$A19,Detail!$D$4:$D$6003,D$14) -> 21681.51 | E19: =SUMIFS(Detail!$L$4:$L$6003,Detail!$G$4:$G$6003,$A19,Detail!$D$4:$D$6003,E$14) -> 5145.33 | F19: =SUM(B19:E19) -> 118691.87
A20: Dairy | B20: =SUMIFS(Detail!$L$4:$L$6003,Detail!$G$4:$G$6003,$A20,Detail!$D$4:$D$6003,B$14) -> 39208.43 | C20: =SUMIFS(Detail!$L$4:$L$6003,Detail!$G$4:$G$6003,$A20,Detail!$D$4:$D$6003,C$14) -> 18756.47 | D20: =SUMIFS(Detail!$L$4:$L$6003,Detail!$G$4:$G$6003,$A20,Detail!$D$4:$D$6003,D$14) -> 17835.26 | E20: =SUMIFS(Detail!$L$4:$L$6003,Detail!$G$4:$G$6003,$A20,Detail!$D$4:$D$6003,E$14) -> 5768.29 | F20: =SUM(B20:E20) -> 81568.45
A21: Dry Goods | B21: =SUMIFS(Detail!$L$4:$L$6003,Detail!$G$4:$G$6003,$A21,Detail!$D$4:$D$6003,B$14) -> 59379.05 | C21: =SUMIFS(Detail!$L$4:$L$6003,Detail!$G$4:$G$6003,$A21,Detail!$D$4:$D$6003,C$14) -> 40057.16 | D21: =SUMIFS(Detail!$L$4:$L$6003,Detail!$G$4:$G$6003,$A21,Detail!$D$4:$D$6003,D$14) -> 45138.4 | E21: =SUMIFS(Detail!$L$4:$L$6003,Detail!$G$4:$G$6003,$A21,Detail!$D$4:$D$6003,E$14) -> 0 | F21: =SUM(B21:E21) -> 144574.61
A22: Frozen | B22: =SUMIFS(Detail!$L$4:$L$6003,Detail!$G$4:$G$6003,$A22,Detail!$D$4:$D$6003,B$14) -> 28068.45 | C22: =SUMIFS(Detail!$L$4:$L$6003,Detail!$G$4:$G$6003,$A22,Detail!$D$4:$D$6003,C$14) -> 15043.09 | D22: =SUMIFS(Detail!$L$4:$L$6003,Detail!$G$4:$G$6003,$A22,Detail!$D$4:$D$6003,D$14) -> 20210.76 | E22: =SUMIFS(Detail!$L$4:$L$6003,Detail!$G$4:$G$6003,$A22,Detail!$D$4:$D$6003,E$14) -> 0 | F22: =SUM(B22:E22) -> 63322.3
A23: Beverage | B23: =SUMIFS(Detail!$L$4:$L$6003,Detail!$G$4:$G$6003,$A23,Detail!$D$4:$D$6003,B$14) -> 28960.13 | C23: =SUMIFS(Detail!$L$4:$L$6003,Detail!$G$4:$G$6003,$A23,Detail!$D$4:$D$6003,C$14) -> 15691.64 | D23: =SUMIFS(Detail!$L$4:$L$6003,Detail!$G$4:$G$6003,$A23,Detail!$D$4:$D$6003,D$14) -> 17720.92 | E23: =SUMIFS(Detail!$L$4:$L$6003,Detail!$G$4:$G$6003,$A23,Detail!$D$4:$D$6003,E$14) -> 0 | F23: =SUM(B23:E23) -> 62372.69
A24: Disposables | B24: =SUMIFS(Detail!$L$4:$L$6003,Detail!$G$4:$G$6003,$A24,Detail!$D$4:$D$6003,B$14) -> 21451.67 | C24: =SUMIFS(Detail!$L$4:$L$6003,Detail!$G$4:$G$6003,$A24,Detail!$D$4:$D$6003,C$14) -> 18798.17 | D24: =SUMIFS(Detail!$L$4:$L$6003,Detail!$G$4:$G$6003,$A24,Detail!$D$4:$D$6003,D$14) -> 13000.44 | E24: =SUMIFS(Detail!$L$4:$L$6003,Detail!$G$4:$G$6003,$A24,Detail!$D$4:$D$6003,E$14) -> 0 | F24: =SUM(B24:E24) -> 53250.28
A25: Chemicals | B25: =SUMIFS(Detail!$L$4:$L$6003,Detail!$G$4:$G$6003,$A25,Detail!$D$4:$D$6003,B$14) -> 10568.41 | C25: =SUMIFS(Detail!$L$4:$L$6003,Detail!$G$4:$G$6003,$A25,Detail!$D$4:$D$6003,C$14) -> 8008.69 | D25: =SUMIFS(Detail!$L$4:$L$6003,Detail!$G$4:$G$6003,$A25,Detail!$D$4:$D$6003,D$14) -> 1979.43 | E25: =SUMIFS(Detail!$L$4:$L$6003,Detail!$G$4:$G$6003,$A25,Detail!$D$4:$D$6003,E$14) -> 0 | F25: =SUM(B25:E25) -> 20556.53
A26: Fees | B26: =SUMIFS(Detail!$L$4:$L$6003,Detail!$G$4:$G$6003,$A26,Detail!$D$4:$D$6003,B$14) -> 1699 | C26: =SUMIFS(Detail!$L$4:$L$6003,Detail!$G$4:$G$6003,$A26,Detail!$D$4:$D$6003,C$14) -> 1150.75 | D26: =SUMIFS(Detail!$L$4:$L$6003,Detail!$G$4:$G$6003,$A26,Detail!$D$4:$D$6003,D$14) -> 784.25 | E26: =SUMIFS(Detail!$L$4:$L$6003,Detail!$G$4:$G$6003,$A26,Detail!$D$4:$D$6003,E$14) -> 0 | F26: =SUM(B26:E26) -> 3634
A27: Total | B27: =SUM(B15:B26) -> 354685.91 | C27: =SUM(C15:C26) -> 252035.02 | D27: =SUM(D15:D26) -> 200505.57 | E27: =SUM(E15:E26) -> 25798.72 | F27: =SUM(F15:F26) -> 833025.22
